{
	"class_name" : "PinholeCameraParameters",
	"extrinsic" : 
	[
		-0.85866373811055163,
		-0.41492514371085376,
		0.30088820178023168,
		0.0,
		-0.34477659337285776,
		0.90198098987133601,
		0.25992190091050849,
		0.0,
		-0.37924357017123056,
		0.11944630185674429,
		-0.9175548460209485,
		0.0,
		-0.25363021867669633,
		1.1112907037133495,
		3.240173185750244,
		1.0
	],
	"intrinsic" : 
	{
		"height" : 1017,
		"intrinsic_matrix" : 
		[
			1961.8418850141379,
			0.0,
			0.0,
			0.0,
			1961.8418850141379,
			0.0,
			959.5,
			508.0,
			1.0
		],
		"width" : 1920
	},
	"version_major" : 1,
	"version_minor" : 0
}